Distance Apart (m),1.07,1.32
0.5,0.943448226042793,1.2807024844640065
resolution (pixels/cm),9.97611118999227,8.086696191887674
