{
  "K": [
    [
      1470.131873240991,
      0.0,
      969.452740586362
    ],
    [
      0.0,
      1468.7068081940088,
      711.6581653276063
    ],
    [
      0.0,
      0.0,
      1.0
    ]
  ],
  "distCoeffs": [
    -0.009799664042074668,
    -0.01795607497876651,
    -0.00111349925736393,
    0.0009628070106165439,
    0.004777723344145835
  ],
  "rms": 1.6122561705290248,
  "flags": null,
  "image_size": [
    1920,
    1440
  ]
}