{
  "K": [
    [
      1705.1515122342605,
      0.0,
      989.1482204517805
    ],
    [
      0.0,
      1704.3647359095244,
      721.5000765915848
    ],
    [
      0.0,
      0.0,
      1.0
    ]
  ],
  "distCoeffs": [
    -0.019004339959352877,
    -0.0049848990039859115,
    -0.0019417316645640114,
    -0.00016271942528596066,
    -0.028728542031837934
  ],
  "rms": 1.6114123575681607,
  "flags": null,
  "image_size": [
    1920,
    1440
  ]
}