{
  "K": [
    [
      1398.8217771263414,
      0.0,
      962.8202591454183
    ],
    [
      0.0,
      1398.936493359972,
      718.2504980882859
    ],
    [
      0.0,
      0.0,
      1.0
    ]
  ],
  "distCoeffs": [
    0.0013683878639387417,
    0.015864681865627266,
    -0.0012824278258165064,
    0.0007047607527217326,
    -0.03169401994529037
  ],
  "rms": 0.4582937127055768,
  "flags": null,
  "image_size": [
    1920,
    1440
  ]
}