{
  "K": [
    [
      463.9876854313262,
      0.0,
      1042.7245988756551
    ],
    [
      0.0,
      282.62790700881106,
      485.3655494594235
    ],
    [
      0.0,
      0.0,
      1.0
    ]
  ],
  "distCoeffs": [
    0.47947094539046997,
    -0.05640551966676714,
    -0.015733178249985345,
    -0.28001410725755793,
    0.003491807454561897
  ],
  "rms": 90.86247557871573,
  "flags": null,
  "image_size": [
    1920,
    1440
  ]
}